,overall_acc,dp,eop,average_odds_difference,grp_0_acc,grp_1_acc,epoch_loss
0,0.7487427540404622,0.16662453040242348,0.3291084196167825,0.4108448225353144,0.8066193853427897,0.7209051111490136,11.09554672241211
1,0.8077085492725249,0.2369182221802876,0.39390225481310587,0.23574320489229444,0.8820330969267139,0.7719597475695037,6.583456993103027
2,0.8224499980805405,0.2340226140693188,0.3185049389836405,0.20598743053839041,0.8975177304964539,0.7863437375632497,5.5961384773254395
3,0.8337748090137818,0.19007834119406514,0.18981214468155228,0.09781842483498576,0.9066193853427896,0.7987378475183353,5.799996376037598
4,0.8389189604207455,0.17824059121412522,0.1503082859575403,0.080811201743063,0.9111111111111111,0.8041958041958042,5.158810615539551
5,0.841414257745019,0.18230623669129115,0.09546794466873565,0.05966088544670568,0.9163120567375886,0.8053897322190006,4.813391208648682
6,0.8414910361242274,0.1929476191801049,0.08013146210394295,0.060457920225572864,0.9161938534278959,0.8055602933651714,3.9146716594696045
7,0.8448308956197935,0.16097710166210422,0.05769318795602063,0.05668616626843535,0.9184397163120568,0.8094263460117118,3.9356672763824463
8,0.8462129064455449,0.16876418570762108,0.05327030293043311,0.05688585409171222,0.9190307328605201,0.8111888111888111,4.122992038726807
9,0.846404852393566,0.18128286981426572,0.08597447657759094,0.051804971940713845,0.9200945626477541,0.81096139632725,5.527988433837891
10,0.8474029713232754,0.18427625825134908,0.07163128358646198,0.05109490721668361,0.9206855791962175,0.8121553243504464,3.794761896133423
11,0.8480939767361511,0.15777662054257802,0.03275338038871045,0.04658161910777882,0.9218676122931442,0.8126101540735687,3.25423264503479
12,0.8479788091673385,0.17777507621825217,0.03617382109801981,0.04446344053536935,0.9222222222222223,0.8122690317812269,4.082252502441406
13,0.8492072632346731,0.17727744492145114,0.057984995376854975,0.04060872172328876,0.9235224586288416,0.8134629598044232,3.4785165786743164
14,0.8514338362317172,0.1677202143989897,0.046166222661649936,0.03604393818717791,0.9254137115839244,0.8158508158508159,4.021255970001221
15,0.8507428308188414,0.1785863908334069,0.0485784973405472,0.037481804949053815,0.924822695035461,0.815111717550742,3.7024757862091064
16,0.8518177281277592,0.166018816563705,0.028884357291294682,0.03387826938745614,0.9260047281323877,0.8161350844277674,3.7898874282836914
17,0.8513954470421129,0.16962017685940883,0.036265368524163843,0.02980212023838945,0.926595744680851,0.8152254249815225,3.6975412368774414
18,0.8516641713693424,0.1496079512945107,0.02129850869242811,0.03412945263793908,0.9258865248226951,0.8159645232815964,3.1995580196380615
19,0.8529694038158855,0.16820042668511795,0.042693142182307575,0.03414718995175452,0.9264775413711583,0.8176132810279152,3.2989983558654785
20,0.8530845713846981,0.1645800546682747,0.04263020332683354,0.025808935944265962,0.9281323877068558,0.8169878901586218,3.22025203704834
21,0.8534684632807401,0.17538750242434728,0.04455956533282057,0.043941048034934455,0.924822695035461,0.8191483313434533,2.779291868209839
22,0.8533916849015317,0.16083510849987237,0.034295954519238725,0.027151822251517424,0.9280141843971631,0.8174995735971345,3.262694835662842
23,0.8535836308495528,0.1679656127761992,0.03946151803942033,0.02760669852517096,0.9280141843971631,0.8177838421740861,3.7046942710876465
24,0.8548120849168874,0.16124788260231954,0.030953329122151763,0.030517906676553797,0.9280141843971631,0.8196031610665757,2.6800694465637207
25,0.8533149065223233,0.17699898268139058,0.0420122582003607,0.03312071443611361,0.9268321513002364,0.8179544033202569,3.1819987297058105
26,0.8549272524857,0.1511577997047639,0.010610346690102745,0.028330495363122835,0.9284869976359338,0.8195463073511854,2.8528945446014404
27,0.8537755767975738,0.15535598288582203,0.017619446504261504,0.02929174333763604,0.9277777777777778,0.8181818181818182,2.9516067504882812
28,0.8550808092441169,0.14847378015515017,-0.0010424963152161348,0.01866537584795805,0.9306146572104019,0.8187503553357212,2.8383657932281494
29,0.8521248416445929,0.1332362384775462,0.018008523065374038,0.02722506019243269,0.9274231678486997,0.8159076695662062,2.86574125289917
30,0.8540443011248032,0.14260839201160946,0.047152646178352686,0.029313485851345286,0.9278959810874704,0.81852294047416,2.903215169906616
31,0.8555030903297631,0.14412620476450266,0.012331438301612208,0.02723478710646053,0.9289598108747045,0.8201716982204788,2.7128653526306152
32,0.8523551767822182,0.12530949993326745,-0.002619400730548449,0.027929975373742366,0.9278959810874704,0.8160213769969867,2.697631359100342
33,0.8531229605743023,0.12793854073044525,0.017755623300650947,0.02774516400721396,0.9277777777777778,0.817215305020183,2.6272783279418945
34,0.8507428308188414,0.11918204035484782,0.018590993564215952,0.02148961394450396,0.9278959810874704,0.8136335209505942,2.695589780807495
35,0.8501669929747783,0.11465884343414184,-0.0032396345426748407,0.02520987247443538,0.9275413711583924,0.8129512763659105,2.380582332611084
36,0.8502437713539868,0.11853548054897302,0.0026342771872968074,0.016616430016570045,0.9286052009456265,0.8125533003581784,3.273676633834839
37,0.8483243118737763,0.10464200505715815,-0.04403660066097237,0.04626291963051456,0.9304964539007092,0.8088009551424186,3.3378632068634033
38,0.8453683442742523,0.10000566521064704,-0.04623145020277758,0.04329792736627212,0.9301418439716312,0.8045937802035363,2.6954238414764404
39,0.8475181388920879,0.10577458348605209,-0.04508481869032255,0.044785573041113955,0.9306146572104019,0.807550173403832,2.766139507293701
40,0.840492917194518,0.0933389824152668,-0.051242527441341,0.04659649556452721,0.9282505910165485,0.7982830177952129,2.5597102642059326
41,0.8470190794272333,0.10515078532722538,-0.04229605522140739,0.04142921553010533,0.9304964539007092,0.8068679288191484,2.6077733039855957
42,0.8551575876233253,0.13545296887279246,-0.026238636675729787,0.0311266970604121,0.933096926713948,0.8176701347433055,2.8111696243286133
43,0.8513954470421129,0.13191801855527854,-0.0111516208471798,0.01635037030933871,0.9313238770685579,0.8129512763659105,3.1020734310150146
44,0.8533532957119275,0.12504873895636737,-0.05085345088022852,0.047775168676132684,0.933806146572104,0.8146568878276196,3.213531732559204
45,0.8489001497178394,0.10720463587614598,-0.06388179396336269,0.05455597209634449,0.9329787234042554,0.8084598328500767,2.18853759765625
46,0.850666052439633,0.12213252641379262,-0.06852668149734964,0.062155552809132736,0.9332151300236406,0.81096139632725,2.8477580547332764
47,0.856040538984222,0.14950426382704535,-0.022758690139426774,0.03342968699935003,0.932387706855792,0.8193188924896242,2.7751522064208984
48,0.8549656416753042,0.17201139977476254,-0.01617414151401142,0.04029002224602461,0.9293144208037825,0.8192051850588435,3.0935158729553223
49,0.8543898038312411,0.17256382837597162,-0.005217058947387665,0.023662720972599832,0.9301418439716312,0.8179544033202569,3.051769971847534
50,0.8499750470267573,0.1877548185539883,-0.005843014473647989,0.040890230058681865,0.9249408983451537,0.8139177895275457,0.4974658489227295
51,0.8634112633882298,0.18887354645009027,0.08843824668369449,0.07813744472824147,0.9358156028368795,0.8285860480982432,2.843501329421997
52,0.8664823985565665,0.19131581674394335,0.05154806697609693,0.039505003066838754,0.9368794326241134,0.8326226618909546,1.6899168491363525
53,0.8665591769357749,0.19965766805413926,0.033031455695623047,0.022036609815714994,0.9371158392434988,0.8326226618909546,2.3476979732513428
54,0.8674421282966717,0.16637399099775851,0.029588128129777624,0.022036609815715022,0.9381796690307329,0.8334186139064188,2.4499547481536865
55,0.8681331337095474,0.1724872169864386,0.03899805919456567,0.029808986295350268,0.9381796690307329,0.8344419807834442,2.1939313411712646
56,0.8673653499174633,0.1659895026267626,0.030410910622247878,0.022426258548240915,0.9380614657210402,0.8333617601910285,1.7117564678192139
57,0.8680179661407348,0.16728336819151557,0.018449095053692632,0.010763116457480834,0.9384160756501182,0.8341577122064927,1.6167917251586914
58,0.8693999769664862,0.17458340540852219,0.04350333690368302,0.036847839023005896,0.9392434988179669,0.8358064699528114,2.1193368434906006
59,0.8695535337249031,0.1786313496225276,0.0227678448820412,0.014518277443629699,0.9390070921985816,0.8361475922451532,1.9942889213562012
60,0.870474874275404,0.17419835253255078,0.014216170937354167,0.011779292887680495,0.9405437352245863,0.8367729831144465,1.6520600318908691
61,0.8702061499481746,0.18201007318807005,0.043558265359369464,0.03868279274578197,0.939952718676123,0.8366592756836659,1.89345121383667
62,0.869169641828861,0.19579377262304093,0.04131878644731901,0.04566557267492424,0.9412529550827423,0.8344988344988346,1.6538914442062378
63,0.8677108526239011,0.1912306772971018,0.05023092838244847,0.04573308890170551,0.9388888888888889,0.8334754676218091,2.032028913497925
64,0.8686321931744021,0.19399665087262388,0.03165137824650055,0.031736059615683876,0.9401891252955082,0.834214565921883,1.678430199623108
65,0.8698606472417367,0.17084688649296847,0.0009177629470947801,0.002396826050735615,0.941016548463357,0.8356359088066405,1.5889275074005127
66,0.8696687012937157,0.16357467130689757,0.015233491710380576,0.016552346818269212,0.9408983451536643,0.8354084939450793,1.3834751844406128
67,0.8705132634650082,0.19125634211259535,0.054380315472430496,0.05615805205386651,0.941371158392435,0.8364318608221047,1.453901767730713
68,0.8708587661714461,0.18094624340083604,0.04469345344355635,0.033965811613706445,0.9391252955082743,0.8380237648530331,2.0633552074432373
69,0.8707052094130293,0.174026480928401,0.018555518936585136,0.019878379244367556,0.941371158392435,0.8367161293990563,1.2480589151382446
70,0.8713578256363008,0.18219674288693488,0.022846804537090426,0.023238169783856524,0.9414893617021277,0.837625788845301,1.8042018413543701
71,0.8707819877922377,0.1756511665696928,0.012847536916499536,0.016448783792443647,0.9418439716312057,0.8366024219682756,1.6867187023162842
72,0.8696303121041115,0.164616303952059,0.032107971034394334,0.03228763285820218,0.9406619385342789,0.8354653476604696,1.2772092819213867
73,0.8720104418595723,0.17872604533216885,0.033127580493074404,0.034432703487041444,0.9419621749408984,0.8383648871453749,1.5594704151153564
74,0.8705900418442166,0.16781884148256748,0.006400309430300344,0.004920674155246121,0.9407801418439716,0.8368298368298368,1.9176896810531616
75,0.873430841874928,0.17336090940138682,0.023207272527532963,0.02852732232933275,0.9433806146572103,0.8397862300301324,1.4571276903152466
76,0.8727782256516565,0.16376162325825017,0.008200360696858922,0.013836821290269377,0.9431442080378251,0.838933424299278,1.5396605730056763
77,0.8719720526699681,0.16731699655934218,0.04280757646498767,0.04297350617487389,0.941725768321513,0.8384217408607653,1.5571699142456055
78,0.8696303121041115,0.150833914975067,0.008141999212692097,0.016932840808180652,0.9423167848699764,0.8346693956450054,1.5817415714263916
79,0.873238895926907,0.16374841787400168,0.01914943286369508,0.025539443208554218,0.943498817966903,0.8394451077377907,1.5694315433502197
80,0.8735076202541364,0.16942189448676215,0.033444563456098475,0.03796757847903108,0.9432624113475178,0.8399567911763034,1.380483865737915
81,0.873968290529387,0.16719794649218625,0.0020609614310693747,0.004262104858421906,0.9430260047281324,0.8407527431917676,1.4845190048217773
82,0.8723943337556144,0.16434973663826802,0.021922175533034882,0.020472293171477488,0.9416075650118203,0.8391039854454488,1.0923855304718018
83,0.8678260201927137,0.1375082306841518,0.009400776322173732,0.019392033542976958,0.941725768321513,0.8322815395986127,1.2241932153701782
84,0.8722023878075934,0.15316332459560275,0.008074482985910847,0.01630574093909349,0.9433806146572103,0.8379669111376429,1.2880939245224
85,0.8672501823486506,0.12368481429197567,-0.04877303562110347,0.02450037992181847,0.9442080378250591,0.830234805844562,1.2368321418762207
86,0.8683634688471726,0.1275045976914166,-0.03315275603526402,0.01978912050387701,0.943853427895981,0.8320541247370515,1.2388995885849
87,0.868056355330339,0.13200372250709563,-0.01210142539342507,0.014981164117070851,0.9427895981087471,0.8321109784524419,1.5488027334213257
88,0.8692464202080694,0.12777987451054396,-0.03744060860728904,0.023847532339128306,0.9450354609929078,0.8327932230371254,1.1912829875946045
89,0.8669430688318169,0.11707498521198573,-0.060089441835342816,0.03238146896999992,0.9456264775413712,0.8290977315367559,1.2733526229858398
90,0.8695151445352989,0.1295513314454674,-0.038219906072340715,0.02813137971125939,0.9459810874704492,0.8327363693217352,1.0620793104171753
91,0.8685938039847979,0.12098889981609234,-0.05181469885474166,0.02969970155539075,0.9458628841607565,0.8314287338677583,0.8972132205963135
92,0.8665975661253791,0.1244244770970251,-0.01383739346168289,0.01597788671921492,0.9423167848699764,0.8301779521291717,1.252031683921814
93,0.872701447272448,0.12996092012698135,-0.04978234599434239,0.025511406809297567,0.9466903073286052,0.8371141054067883,1.2156215906143188
94,0.8770778148873277,0.14573290689014612,-0.039752181117427954,0.0200506028398012,0.9478723404255319,0.8430268918073797,1.0217937231063843
95,0.8733540634957196,0.12822805113931218,-0.07804875815916434,0.04302271291642635,0.9490543735224586,0.8369435442606175,1.3135018348693848
96,0.8799186149180391,0.1506952886817962,-0.04758864079536396,0.027504279842172186,0.9491725768321513,0.8466086758769685,1.4884625673294067
97,0.8805328419517064,0.1542038282308132,-0.03688903536477073,0.018875362756676103,0.9490543735224586,0.8475751890386036,1.3094844818115234
98,0.8813774041229989,0.1715751180722639,-0.02712779105215457,0.014190995395164469,0.9484633569739953,0.8491102393541418,1.2177692651748657
99,0.8820300203462705,0.18474429335871992,-0.00797950253128632,0.017541059020625624,0.949645390070922,0.8495082153618739,1.1933660507202148
100,0.8826058581903335,0.16780319663038917,-0.04025225893274009,0.025921081541292454,0.949290780141844,0.8505315822388994,1.2823336124420166
101,0.8844485392913356,0.17671471410443906,-0.006448371829026023,0.014885039319619528,0.9502364066193854,0.8528057308545114,0.3091793358325958
102,0.8800721716764559,0.20706092903809561,0.11831703789147963,0.11527937985773527,0.9447990543735224,0.8489396782079709,1.3255939483642578
103,0.8783446581442665,0.18624478790540028,0.07494530041287883,0.07292610749498776,0.9442080378250591,0.8466655295923589,1.000443935394287
104,0.8791508311259549,0.1814777853179514,0.05593891040253407,0.05323940567410949,0.9444444444444444,0.8477457501847746,0.9672670960426331
105,0.8788821067987255,0.17569060127441027,0.04023166076185769,0.04062931989417117,0.9449172576832151,0.8471203593154812,1.0966147184371948
106,0.8788821067987255,0.18185299967863539,0.0335029249402653,0.0394363424972307,0.9459810874704492,0.8466086758769685,0.9301329851150513
107,0.8792276095051633,0.17801204734261297,0.011256900387245694,0.018216793459851915,0.9463356973995272,0.8469497981693104,1.0476570129394531
108,0.8783062689546624,0.17517311149900666,0.041157434108739954,0.047840396217260314,0.9458628841607565,0.8458127238615043,0.973479151725769
109,0.8792276095051633,0.1717169297864679,0.03569090842510958,0.038960295881281276,0.9456264775413712,0.8472909204616522,0.94618821144104
110,0.8796115014012055,0.1753328059243991,0.022447428890536747,0.03034282222405317,0.9466903073286052,0.8473477741770424,0.7606643438339233
111,0.8805712311413106,0.1829673123393933,0.018119524319573754,0.026815957631851184,0.9472813238770685,0.8484848484848485,0.9642954468727112
112,0.8796498905908097,0.17801289410007626,0.04675441487462584,0.056404085761628836,0.9470449172576832,0.8472340667462619,0.7489297986030579
113,0.8795731122116012,0.17365388748367472,0.006490712513617658,0.01693741817948788,0.9471631205673758,0.8470635056000909,0.9360436201095581
114,0.8783062689546624,0.16752933107370055,0.034346305603617955,0.03795384636510945,0.9452718676122931,0.8460969924384558,0.7262619733810425
115,0.8794579446427886,0.17222571005653514,0.036149789898657025,0.04379399998169053,0.9465721040189126,0.8471772130308716,0.9914355278015137
116,0.8807631770893316,0.1790941428979831,0.0318653703551125,0.03703150604670752,0.9466903073286052,0.8490533856387515,0.8149672746658325
117,0.8812622365541863,0.19297777987451054,0.01415552076753368,0.03044066353574472,0.9490543735224586,0.8486554096310194,1.0836352109909058
118,0.8798802257284348,0.18517805494972076,0.06619565515915526,0.07222405317074515,0.9464539007092199,0.8478594576155551,0.8060441017150879
119,0.8816077392606242,0.1839814052061068,0.00018881656642233402,0.015040097772651181,0.948936170212766,0.8492239467849224,0.697207510471344
120,0.8805328419517064,0.18420357823575256,0.036414133091648204,0.048892047275090895,0.9479905437352246,0.8480868724771163,0.796933650970459
121,0.8813390149333947,0.16424155329189064,-0.020877390532165196,0.020408782144590007,0.9498817966903074,0.8483711410540679,0.7268745303153992
122,0.8814541825022074,0.16999014938817741,0.008472714289637806,0.026148233592412577,0.9494089834515367,0.8487691170618,0.648522675037384
123,0.8831816960343967,0.1945358740895845,0.05386536120036989,0.060065982807393385,0.9479905437352246,0.8520097788390472,0.6002205014228821
124,0.8829513608967715,0.16772049665147748,0.008108813270714887,0.02285138190839764,0.9495271867612293,0.8509295582466314,0.6796464323997498
125,0.8844101501017314,0.18919265304838734,0.014207016194739741,0.030413199307901498,0.9504728132387706,0.8526351697083404,0.6936189532279968
126,0.8841798149641061,0.19270278530787094,0.03156784122014411,0.04339920170644403,0.9495271867612293,0.8527488771391211,0.5919773578643799
127,0.8838343122576683,0.18114668298892483,0.019626623822471267,0.0322767616013476,0.9495271867612293,0.8522371937006084,0.723091721534729
128,0.8838343122576683,0.17722986521637274,0.01435806944787743,0.030698712843188397,0.9502364066193854,0.8518960714082665,0.7908275723457336
129,0.8834120311720219,0.17168807955004117,0.0074004650609247324,0.01982116210302743,0.949290780141844,0.8517255102620956,0.7661101222038269
130,0.8842949825329187,0.17360864644206625,-0.02061304733917413,0.021399783032600067,0.951418439716312,0.8520097788390472,0.6619436740875244
131,0.8822987446734999,0.15949946956693195,0.010886133311362012,0.024099859932438038,0.948936170212766,0.8502473136619478,0.723271369934082
132,0.8861760528235249,0.16475773260931537,-0.018710005218203207,0.01940233262841811,0.9518912529550827,0.8545681960316107,0.7248727083206177
133,0.8861760528235249,0.16263325845578053,-0.016969459778638285,0.016941995550795064,0.951418439716312,0.8547956108931719,0.6930637359619141
134,0.8806096203309148,0.14458740532949146,-0.007197916380580982,0.010450710865764018,0.9476359338061465,0.8483711410540679,0.5647528171539307
135,0.8872509501324427,0.16148719239015036,-0.02430698598408909,0.021775699651204315,0.9528368794326241,0.8557052703394167,0.6112696528434753
136,0.8850627663250029,0.15856283484721473,0.0077769538509424585,0.02059130482546482,0.9501182033096927,0.8537722440161465,0.6188147664070129
137,0.8813774041229989,0.14401146912823093,-0.008151153955306634,0.014166964195801678,0.9486997635933806,0.8489965319233612,0.5983187556266785
138,0.8885945717685899,0.161016254114334,-0.006748189649647962,0.01920665000503509,0.9529550827423168,0.8576382966626869,0.6803340315818787
139,0.8770778148873277,0.12170102284269382,-0.04857163128358655,0.025586361264453093,0.948936170212766,0.842515208368867,0.6272298693656921
140,0.8843333717225229,0.13634783022432218,-0.045479616965569014,0.02315406058608662,0.9517730496453901,0.8518960714082665,0.5949356555938721
141,0.888402625820569,0.1580971384033138,-0.01941377605668615,0.021506779086905965,0.9533096926713948,0.8571834669395645,0.6453306078910828
142,0.885446658221045,0.138496376482884,-0.03974417071764025,0.02420628381533052,0.9524822695035461,0.8532037068622434,0.7226290702819824
143,0.8816461284502284,0.12437895380292888,-0.047650435308011274,0.026739286662455466,0.9501182033096927,0.8487122633464097,0.47976598143577576
144,0.8911666474720719,0.16273057508137945,-0.021039887213570974,0.024182824787381096,0.9550827423167849,0.8604241287168116,0.6267516613006592
145,0.8870973933740258,0.13939994733975014,-0.03907587450678829,0.020294347861909888,0.9524822695035461,0.8556484166240264,0.5977609157562256
146,0.885446658221045,0.13340811008169595,-0.03598614887442442,0.01867052539067865,0.951418439716312,0.8537153903007562,0.7144486308097839
147,0.8922799339705939,0.14606185200373056,-0.05563451521060481,0.02855421438576252,0.9561465721040189,0.8615612030246177,0.568988561630249
148,0.8958501286037852,0.16030778020918135,-0.05543768824439499,0.03092128752300128,0.9585106382978723,0.8657115242481096,0.7081978917121887
149,0.8981150907904334,0.20246120137142454,-0.006114223723600043,0.021248157608048865,0.9576832151300236,0.8694638694638694,0.6310217380523682
150,0.898038312411225,0.20550011310260402,0.008335393150421533,0.030380585537337593,0.9578014184397163,0.8692933083176986,0.6714735627174377
151,0.8978079772735997,0.16306185885843388,-0.05838894839471598,0.035182820210009846,0.957919621749409,0.8688953323099664,0.6305608153343201
152,0.900072939460248,0.17850199733956873,-0.038034522534398985,0.02152909377202862,0.958628841607565,0.8719085792256523,0.2458045780658722
153,0.8892471879918615,0.19628803705088088,0.05967976710334788,0.07057391081449745,0.9516548463356974,0.8592302006936153,0.7821723222732544
154,0.889515912319091,0.16979972976340385,-0.008987668561698303,0.01640815962209219,0.9528368794326241,0.8590596395474445,0.5323050022125244
155,0.8909747015240508,0.17537720020854425,-0.00587505607279859,0.014181268481136683,0.9530732860520095,0.8611063733014952,0.6518192291259766
156,0.8881722906829437,0.17084557603498965,-0.0008273598637773549,0.011596198035392205,0.9513002364066194,0.8578088578088578,0.6355718970298767
157,0.8881339014933395,0.1712869181213758,-0.004292429943332121,0.014762594637151766,0.9518912529550827,0.857467735516516,0.44159185886383057
158,0.8911666474720719,0.1823310547493215,-0.009372167751503624,0.017416897823917657,0.9537825059101654,0.861049519586105,0.48592740297317505
159,0.8884410150101731,0.16588712561727612,-0.024884879111623737,0.01834038248514641,0.9527186761229315,0.8575245892319063,0.4389088749885559
160,0.8851779338938155,0.16007990164710456,0.011597914549632438,0.021679002682339583,0.949645390070922,0.8541702200238785,0.46146419644355774
161,0.8887097393374026,0.17572918922166453,0.008919007992090333,0.026622563694121762,0.9527186761229315,0.8579225652396384,0.5093033313751221
162,0.8896694690775078,0.17143762078894406,-0.02806157479882443,0.020349848489009684,0.9536643026004729,0.8588890784012735,0.5194984674453735
163,0.8898230258359247,0.17678243454060782,0.0063121950326365805,0.0262981425027235,0.9536643026004729,0.8591164932628347,0.5179615020751953
164,0.8897846366463203,0.19030537299867867,-0.010946783481182387,0.024382512610657936,0.9544917257683215,0.8586616635397123,0.45113420486450195
165,0.8881722906829437,0.16872747272332117,0.008500178517480972,0.027477387785742394,0.9527186761229315,0.8571266132241742,0.504496157169342
166,0.8903220853007793,0.1758920690679902,-0.006499867256232084,0.024339027583239498,0.9547281323877068,0.859343908124396,0.3985147178173065
167,0.8915889285577181,0.18878147165640677,0.025677908690597162,0.04147899444307124,0.9536643026004729,0.8617317641707886,0.5216105580329895
168,0.8918960420745518,0.17941091083281013,-0.0005984912984171586,0.019378873600468728,0.9544917257683215,0.8617886178861789,0.43895748257637024
169,0.8912818150408844,0.18313150264369774,-0.011789019801708212,0.021449561945565868,0.9546099290780142,0.8608221047245438,0.4830475449562073
170,0.8916657069369266,0.16988486921024545,-0.021807741250354784,0.023000146475881847,0.9550827423167849,0.8611632270168855,0.4393467307090759
171,0.8926254366770318,0.19539523211033327,-0.007921141047119495,0.027491692071077434,0.9563829787234043,0.8619591790323498,0.45350131392478943
172,0.8915505393681139,0.18852361384795221,-0.008114534984848931,0.025733409317697048,0.9555555555555556,0.8607652510091535,0.4428786337375641
173,0.8905140312488004,0.16106064839847925,-0.034077385039319674,0.02449923557899173,0.9548463356973995,0.8595713229859572,0.45317935943603516
174,0.8909747015240508,0.16486113782429296,-0.009924885336848766,0.018486858366977013,0.9539007092198581,0.8607083972937631,0.44090503454208374
175,0.8919728204537603,0.16980450789480367,0.004370245255554628,0.0204917469995331,0.9539007092198581,0.862186593893911,0.5475020408630371
176,0.8920495988329686,0.16399905808312656,-0.02707629562494851,0.02086022538976317,0.9548463356973995,0.8618454716015692,0.4369838237762451
177,0.8944681177780337,0.17667265848376384,-0.02335489275219027,0.02435504838281473,0.9566193853427896,0.8645744499403036,0.3677237927913666
178,0.8928941610042612,0.1786763084116483,-0.004609412906356081,0.022549275402122038,0.9555555555555556,0.862755131047814,0.43422895669937134
179,0.8940074475027833,0.16173521168331756,-0.04298952697444913,0.025446751439583283,0.9566193853427896,0.86389220535562,0.5012919306755066
180,0.893777112365158,0.17245443537607524,0.018404465683447335,0.035785888879734155,0.9549645390070922,0.8643470350787424,0.4600222408771515
181,0.895082344811701,0.1768027567197261,-0.03393205350031592,0.03212570834820984,0.9583924349881797,0.8646313036556939,0.43327438831329346
182,0.8965027448270567,0.18935843606315841,-0.004993912096161401,0.02260878122911575,0.957210401891253,0.8673034282790381,0.34151721000671387
183,0.8953510691389305,0.17107430135452967,-0.019501890454349913,0.022262617524008335,0.9566193853427896,0.8658820853942805,0.39943888783454895
184,0.8925870474874276,0.15837560064337436,-0.012084260251023049,0.022661993170562007,0.9554373522458629,0.8623571550400819,0.3333139717578888
185,0.8947752312948674,0.16567217018696,-0.006562806111706121,0.02178199353675169,0.9562647754137116,0.8651998408095969,0.4233241379261017
186,0.893777112365158,0.14532116099319006,-0.06931284501936219,0.035218867009053995,0.9583924349881797,0.8626982773324237,0.46308350563049316
187,0.892855771814657,0.15658297477186944,-0.02749512509955776,0.02448550346507005,0.9559101654846336,0.8625277161862528,0.3625049293041229
188,0.8925102691082192,0.14746127999890324,-0.027221627163952267,0.024689196488240722,0.9557919621749409,0.8620728864631304,0.3720184862613678
189,0.8955046258973474,0.1553890467486731,-0.042811009493468166,0.037890907509635405,0.9596926713947991,0.8646313036556939,0.4271673560142517
190,0.8980767016008292,0.1516618018434313,-0.05467784460739877,0.028720144095648707,0.9591016548463357,0.8687247711637955,0.5106075406074524
191,0.8978463664632039,0.16151576037408938,-0.02046657145734343,0.02434532146878688,0.9581560283687943,0.8688384785945762,0.44279465079307556
192,0.899343544857768,0.15721838560447796,-0.050603984143985814,0.028178297767158293,0.9595744680851064,0.8703735289101143,0.4067424237728119
193,0.8995354908057891,0.15743128462381184,-0.030940741351056955,0.028953590032316262,0.9598108747044918,0.8705440900562852,0.41327497363090515
194,0.8986525394448923,0.1543011448564121,-0.0492113189237684,0.033506357968745674,0.9602836879432625,0.8690090397407471,0.47851794958114624
195,0.8951207340013052,0.1479504840428556,-0.02869325203921891,0.02526880613001565,0.9570921985815602,0.8653135482403775,0.417938768863678
196,0.9028753503013551,0.16684595747906594,-0.04308908480038087,0.029034838373019164,0.9613475177304964,0.8747512649951674,0.433246374130249
197,0.9018388421820416,0.1598233542966288,-0.038353794183076495,0.027800664634313785,0.9606382978723405,0.8735573369719711,0.5191729068756104
198,0.9065223233137548,0.17497285335894575,-0.03138131333937555,0.02162235771241295,0.9615839243498818,0.8800386605264654,0.3869393765926361
199,0.906560712503359,0.1778993681173235,-0.02705798613971966,0.02399171953530526,0.9620567375886525,0.8798680993802945,0.5389567613601685
200,0.9024914584053131,0.15439527606107784,-0.051193320699788436,0.029944590920326232,0.9613475177304964,0.8741827278412644,0.4121667146682739
201,0.9052170908672118,0.16709163810876315,-0.025538298865727338,0.025945684912068667,0.9618203309692671,0.8779919267724146,0.4193900227546692
202,0.9077891665706936,0.1703766941701555,-0.042444819788891586,0.02600118553916854,0.9630023640661939,0.8812325885496617,0.5529475808143616
203,0.9079043341395063,0.17340052555413218,-0.036614393086338404,0.030033849660816805,0.9638297872340426,0.8810051736881005,0.23518596589565277
204,0.8977311988943913,0.17995884355510716,0.012292530645500843,0.035065525070262615,0.9578014184397163,0.8688384785945762,0.47683900594711304
205,0.8982302583592461,0.1924721850253765,0.012730813948165887,0.03432113006142835,0.9578014184397163,0.8695775768946501,0.45609357953071594
206,0.8953510691389305,0.16149328097952903,-0.020094660038633028,0.02226261752400832,0.9566193853427896,0.8658820853942805,0.36445218324661255
207,0.8933932204691158,0.16491218520279233,0.00023687896514790197,0.016682801900524576,0.9546099290780142,0.8639490590710103,0.366189181804657
208,0.8978847556528081,0.18691082313293003,-0.007766654765501313,0.025484514752867747,0.9583924349881797,0.8687816248791859,0.3737019896507263
209,0.8976928097047872,0.1962557191410331,0.006512455027326891,0.02999150897622513,0.957919621749409,0.8687247711637955,0.4691813886165619
210,0.8961188529310147,0.18007198648091227,-0.015574505872767319,0.025363786584640134,0.9575650118203309,0.8665643299789642,0.388046532869339
211,0.8956581826557641,0.20430328191096225,0.004799373815605135,0.03248503199582542,0.9578014184397163,0.8657683779634999,0.3820982575416565
212,0.8964259664478483,0.1749509384693609,-0.0026514423296989387,0.016639889044519532,0.9560283687943263,0.8677582580021604,0.3409857451915741
213,0.8964259664478483,0.17587221058938754,-0.024636556718207858,0.024020900277388707,0.9574468085106383,0.8670760134174769,0.32938575744628906
214,0.8968098583438904,0.17527566995652105,-5.2639770032891775e-05,0.017575389305429692,0.9563829787234043,0.8681562340098925,0.41689637303352356
215,0.896003685362202,0.18065878940295133,0.004080726520373834,0.02479676471396005,0.9566193853427896,0.8668485985559157,0.3560029864311218
216,0.8964643556374525,0.16468739125718887,-0.021894711305191605,0.021469587945034896,0.9569739952718677,0.8673602819944284,0.35186338424682617
217,0.8955430150869516,0.1800828532016908,0.014978303260003933,0.027559780469272155,0.9548463356973995,0.8670191597020865,0.31713905930519104
218,0.8971937502399324,0.18038931892071486,-0.0008994534618658179,0.017895805296934027,0.9566193853427896,0.868611063733015,0.30954840779304504
219,0.897116971860724,0.18095045702726034,0.004116201148004817,0.02157887268499451,0.956501182033097,0.8685542100176247,0.2944449484348297
220,0.8975392529463703,0.18299850123929,-0.0030553953475597195,0.019537365081980673,0.9570921985815602,0.8688953323099664,0.36431169509887695
221,0.8964259664478483,0.19042414081334683,0.021547975428670818,0.03941803301200187,0.9562647754137116,0.8676445505713798,0.3713894486427307
222,0.8983070367384545,0.17989402628738385,-0.008834326622907063,0.02202344987320684,0.957919621749409,0.8696344306100404,0.392541766166687
223,0.8978847556528081,0.17629425870214663,-0.016935129493834244,0.023024177675244638,0.957919621749409,0.8690090397407471,0.35918229818344116
224,0.8977695880839955,0.17019030672377847,-0.007876511676874198,0.019606597823002198,0.957210401891253,0.8691796008869179,0.3110578656196594
225,0.8982302583592461,0.1807233244181869,0.014199005794952146,0.03394406909999729,0.9574468085106383,0.869748138040821,0.378341943025589
226,0.8989212637721218,0.17943441843286162,-0.026713538948852422,0.026103604222167273,0.958983451536643,0.8700324066177725,0.35978564620018005
227,0.8985373718760797,0.17402619867591326,-0.01186797945675755,0.019017261267199465,0.9574468085106383,0.8702029677639433,0.3363487422466278
228,0.8999961610810395,0.17984588207732993,-0.02311801378704248,0.024171381359113148,0.9591016548463357,0.8715674569333106,0.35490870475769043
229,0.8996122691849975,0.17910125969285287,0.0004691805589885911,0.020629640310162692,0.9581560283687943,0.87145374950253,0.36688339710235596
230,0.9008791124419363,0.17721712353263985,-0.026852004430895415,0.022694034769712434,0.9592198581560284,0.8728182386718972,0.32644641399383545
231,0.8963107988790356,0.15874500866716745,-0.019489302683254994,0.024293826041580813,0.9574468085106383,0.8669054522713059,0.3202005624771118
232,0.8994587124265807,0.16626711810935993,-0.03272133878955996,0.025445034925343092,0.9591016548463357,0.8707715049178464,0.2955373525619507
233,0.8983838151176629,0.1618161375037348,-0.036300843151794715,0.024916920710774178,0.9585106382978723,0.8694638694638694,0.34308260679244995
234,0.9001881070290606,0.1740650688756553,-0.016614713502329903,0.022486336546648007,0.9588652482269504,0.8719654329410427,0.3670070767402649
235,0.9005719989251026,0.17006891799315255,-0.017239524685763397,0.01973133119112353,0.9585106382978723,0.8727045312411166,0.2869968116283417
236,0.9004952205458943,0.1788286037896832,-0.0176434777036244,0.021758534508802295,0.9588652482269504,0.8724202626641651,0.33525511622428894
237,0.90118622595877,0.16891545288016488,-0.021380901375957717,0.025041654078895526,0.9598108747044918,0.8729887998180681,0.3755533993244171
238,0.8981150907904334,0.15129557924057147,-0.03948440489595639,0.028014084571512297,0.958983451536643,0.8688384785945762,0.2855686545372009
239,0.9027985719221467,0.17123558849038867,-0.0383663819541713,0.027986620343669007,0.9611111111111111,0.8747512649951674,0.36072131991386414
240,0.9027985719221467,0.1667877933056968,-0.0319145770966649,0.026141367535451723,0.9607565011820332,0.8749218261413383,0.37603047490119934
241,0.9029137394909593,0.17139135154184454,-0.028014656742925692,0.025253357501853854,0.9606382978723405,0.8751492410028996,0.38399261236190796
242,0.9016085070444163,0.16218582778001564,-0.030929297922788868,0.026501263354480775,0.9602836879432625,0.8733867758258003,0.37642961740493774
243,0.9009558908211448,0.1605836215332842,-0.02056956231175555,0.021281915721439462,0.958983451536643,0.8730456535334584,0.391093909740448
244,0.9022227340780836,0.1582943925704694,-0.03889163531167317,0.030581417703441242,0.9613475177304964,0.8737847518335323,0.3519436717033386
245,0.9024914584053131,0.155731197246506,-0.057265203738796844,0.03178984372854355,0.9617021276595744,0.8740121666950935,0.3119206726551056
246,0.904142193558294,0.16037231522441694,-0.0457073411881026,0.030338244852746013,0.9621749408983451,0.8762294615953152,0.3359547555446625
247,0.902107566509271,0.1514584590868971,-0.05049298288978599,0.030239259198227605,0.9612293144208038,0.8736710444027517,0.37670233845710754
248,0.9062919881761295,0.16988777237869088,-0.030526489247754807,0.027703967665449088,0.9626477541371158,0.8791858547956108,0.39677855372428894
249,0.908595339552382,0.183587642824799,-0.020844204590187876,0.02286053665101203,0.9627659574468085,0.8825402240036386,0.3253324031829834
250,0.9073284962954432,0.16736953584384823,-0.04488913606693945,0.02832305713474865,0.9632387706855792,0.8804366365341975,0.3422364294528961
251,0.9090560098276326,0.19186711633520143,-0.021473593144928804,0.026689507749489666,0.9637115839243499,0.8827676388651998,0.34766313433647156
252,0.9089024530692157,0.17517647836796774,-0.028557075242829577,0.02582324022960096,0.9634751773049646,0.8826539314344193,0.30902764201164246
253,0.9100925179469461,0.18102763292176888,-0.03128289985627053,0.024848260141166124,0.9638297872340426,0.8842458354653476,0.33928436040878296
254,0.9105915774118009,0.181425608929501,-0.02946339476165627,0.023665581829666847,0.9638297872340426,0.8849849337654215,0.21123166382312775
255,0.8995738799953933,0.17663594549946393,0.011841659571741103,0.03209309457764593,0.9581560283687943,0.8713968957871396,0.3597348928451538
256,0.9011478367691658,0.1796396361523502,-0.014360358133531093,0.025132629333626297,0.9598108747044918,0.8729319461026778,0.3077443242073059
257,0.8999193827018311,0.17202601642144977,-0.007164730438603661,0.018817573443922597,0.9580378250591016,0.8719654329410427,0.2669336199760437
258,0.9011094475795616,0.18302360154980812,-0.02500503510843788,0.02645377312716851,0.9600472813238771,0.8727613849565069,0.35653093457221985
259,0.8981150907904334,0.16863727289259203,-0.012112868821693157,0.020017989069237366,0.9574468085106383,0.8695775768946501,0.29983580112457275
260,0.8974240853775577,0.1653159675474154,-0.013595937125227775,0.022885712193201714,0.9576832151300236,0.868440502586844,0.2815343141555786
261,0.9006487773043111,0.17674009666744486,-0.012801763203427519,0.018934296412256364,0.9583924349881797,0.8728750923872876,0.318057656288147
262,0.898422204307267,0.16932532381416657,-0.02078355442036739,0.02175052410901463,0.957919621749409,0.8698049917562113,0.33567479252815247
263,0.8983454259280587,0.16867745355031294,-0.02552227806615215,0.023777727426693387,0.958274231678487,0.8695207231792598,0.32496845722198486
264,0.9009175016315406,0.1849177576733363,-0.023549431032746537,0.029368986478445172,0.9605200945626478,0.8722497015179942,0.3550790846347809
265,0.8994587124265807,0.18636055174716307,0.012841815202365603,0.03090583889483948,0.9576832151300236,0.87145374950253,0.29435449838638306
266,0.9004952205458943,0.1743908285683065,-0.039604560892770535,0.027909377202859964,0.9600472813238771,0.8718517255102621,0.28513410687446594
267,0.9003416637874775,0.18263330684192125,-0.010408942352585826,0.020277182719507875,0.9585106382978723,0.8723634089487748,0.2841559946537018
268,0.8997274367538102,0.17709180342807745,-0.007552662656889364,0.019272449717576176,0.9580378250591016,0.8716811643640912,0.31963348388671875
269,0.9006487773043111,0.18177019889526377,0.0009475158605916079,0.016191306656413364,0.9576832151300236,0.8732162146796293,0.3793834447860718
270,0.9018388421820416,0.191853910950953,-0.004116201148004817,0.02103473767085043,0.9593380614657211,0.8741827278412644,0.30299481749534607
271,0.9006487773043111,0.17807021151598212,-0.005923118471524158,0.015858875065227533,0.9578014184397163,0.873159360964239,0.26082369685173035
272,0.9007255556835195,0.18310190645426763,0.008059606529162378,0.024351615354334277,0.957919621749409,0.8732162146796293,0.3317810893058777
273,0.9012246151483743,0.17732212145808407,-0.008885822050113124,0.01695458332188994,0.958274231678487,0.8737847518335323,0.3017275035381317
274,0.900264885408269,0.17055652932663828,-0.026906932886581858,0.024149638845403838,0.9592198581560284,0.8719085792256523,0.3259769678115845
275,0.9011094475795616,0.182615323326273,-0.011188239817637613,0.019687846163705155,0.9587470449172577,0.8733867758258003,0.3122989535331726
276,0.9016085070444163,0.17450903187799915,-0.03582708522149902,0.0246560105462635,0.9599290780141844,0.8735573369719711,0.25282344222068787
277,0.9006487773043111,0.17893331946263966,-0.020242280263290446,0.02385497056750252,0.9593380614657211,0.8724202626641651,0.36719799041748047
278,0.9004184421666859,0.1732527260550094,-0.01373897997857787,0.02132540074885793,0.9587470449172577,0.8723634089487748,0.32108408212661743
279,0.9022227340780836,0.18085763628057347,0.0060066554978807085,0.01875062938855475,0.957919621749409,0.875433509579851,0.2861376106739044
280,0.9018004529924374,0.17232667580358293,-0.010776276399989015,0.019895544386769562,0.9591016548463357,0.8742395815566547,0.3090052902698517
281,0.9014933394756036,0.17223835093580814,-0.012144910420843535,0.018778093616397984,0.9587470449172577,0.8739553129797032,0.29646116495132446
282,0.9013397827171868,0.16984730946848225,-0.02996461691979535,0.024062668790566982,0.9596926713947991,0.8732730683950196,0.36000826954841614
283,0.9000345502706438,0.15754948793350454,-0.023698195600230676,0.022235153296165065,0.9587470449172577,0.8717948717948718,0.2805767059326172
284,0.9010326692003532,0.16896200437975217,-0.01212087922148064,0.023560302289601105,0.9594562647754137,0.8729319461026778,0.3271254003047943
285,0.9019923989404584,0.16541300192052655,-0.02278501002444311,0.0225160894601448,0.9596926713947991,0.8742395815566547,0.32274308800697327
286,0.9019540097508542,0.1658649284752035,-0.014442750817060701,0.018916559098440908,0.958983451536643,0.8745238501336062,0.37199273705482483
287,0.9056777611424622,0.1836775604030404,-0.017224648229015038,0.026084150394111674,0.9620567375886525,0.8785604639263176,0.29768964648246765
288,0.9031440746285846,0.16576892230758344,-0.03423644869224496,0.027167843051092593,0.9611111111111111,0.8752629484336801,0.2821354568004608
289,0.9032976313870014,0.16950487671816164,-0.023034476760685818,0.02495868922395244,0.9607565011820332,0.8756609244414122,0.2553849518299103
290,0.9031824638181888,0.16534874915777872,-0.01822823688811992,0.021541109371710027,0.9600472813238771,0.8758314855875832,0.3106726408004761
291,0.9036047449038351,0.16230534154768714,-0.03896716193824212,0.02669122426372983,0.9612293144208038,0.8758883393029735,0.2805376946926117
292,0.9035279665246266,0.16388984653125804,-0.03477428982084174,0.028718427581408572,0.9615839243498818,0.875604070726022,0.36535272002220154
293,0.9073284962954432,0.1793463758175746,-0.014384389332893988,0.02401746724890834,0.9624113475177305,0.8808346125419296,0.24051526188850403
294,0.9064839341241506,0.1715603199775488,-0.03286438164291017,0.026018922852984017,0.9624113475177305,0.879583830803343,0.30160588026046753
295,0.9061000422281086,0.16563854181913343,-0.045150046231450136,0.028158843939102618,0.9626477541371158,0.8789015862186594,0.31672224402427673
296,0.9052938692464202,0.1638988382890822,-0.033595616709236276,0.02822407148023036,0.9622931442080378,0.877878219341634,0.2717863917350769
297,0.9087105071211947,0.18035016646848512,-0.02073320333598827,0.02627811650325454,0.9634751773049646,0.8823696628574678,0.3195146322250366
298,0.9079427233291105,0.1715529209301913,-0.03250048062398736,0.02932779013668036,0.9637115839243499,0.8811188811188811,0.32364028692245483
299,0.9084417827939653,0.17384795622989707,-0.02909491637142625,0.026914943286369522,0.9634751773049646,0.8819716868497356,0.3261708617210388
300,0.9095550692924872,0.18328539073219924,-0.0228536705940513,0.023046492360367314,0.9632387706855792,0.8837341520268349,0.32060113549232483
301,0.9094782909132788,0.1822963981760038,-0.028138245768220216,0.025073695678046,0.9635933806146572,0.8834498834498834,0.34364721179008484
302,0.9105531882221967,0.1868552798755186,-0.016346937280858342,0.025601809892614867,0.9641843971631205,0.8847575189038603,0.37696129083633423
303,0.9108986909286345,0.1803620613947547,-0.025029066307800774,0.027243369677661528,0.9646572104018912,0.8850417874808119,0.3135918974876404
304,0.9105531882221967,0.18556853110563543,-0.0210856609266431,0.025601809892614902,0.9641843971631205,0.8847575189038603,0.2786112427711487
305,0.9110522476870513,0.18386741552283847,-0.021674997482445724,0.023804047311709806,0.9640661938534278,0.8855534709193246,0.1952369660139084
306,0.9016852854236247,0.17563346530653223,0.0064106085157416,0.027809247205514823,0.9593380614657211,0.8739553129797032,0.3371657431125641
307,0.9015317286652079,0.17622101418157465,-0.010930762681607198,0.019917286900478788,0.958983451536643,0.873898459264313,0.2807764410972595
308,0.9016085070444163,0.18086344261746443,-0.009629644887534039,0.02035042066042316,0.9591016548463357,0.8739553129797032,0.30205363035202026
309,0.9016468962340205,0.1821948679239805,-0.01902813252405411,0.025180119560938553,0.9600472813238771,0.8735573369719711,0.33888334035873413
310,0.9013397827171868,0.18876451634624958,-0.002593080845532003,0.02160233171294388,0.9592198581560284,0.8735004832565808,0.3166138827800751
311,0.9023379016468962,0.18005241025479737,-0.021939340675436902,0.026002902053408758,0.9605200945626478,0.8743532889874354,0.31498971581459045
312,0.9014933394756036,0.17900525352523275,-0.00784561442055054,0.016932840808180673,0.9583924349881797,0.8741258741258742,0.2888788878917694
313,0.9010326692003532,0.1766623562679608,-0.009336693123872752,0.0180245438649492,0.9583924349881797,0.8734436295411905,0.26985469460487366
314,0.9009558908211448,0.17422214238508998,-0.016163842428570163,0.021281915721439518,0.958983451536643,0.8730456535334584,0.3619951009750366
315,0.9024530692157089,0.18224432259201329,-0.011508655809141954,0.02142438640337628,0.9596926713947991,0.8749218261413383,0.32385995984077454
316,0.9020691773196667,0.1831539820382581,-0.012192972819569103,0.023564307489494903,0.9599290780141844,0.8742395815566547,0.3243483006954193
317,0.900610388114707,0.17018712130284522,-0.018469693224574923,0.021485608744610113,0.9588652482269504,0.872590823810336,0.2740143835544586
318,0.9022611232676878,0.1752978670985936,-0.013529565241273134,0.02003400986881248,0.9593380614657211,0.8748081187105577,0.2800007164478302
319,0.9028753503013551,0.17992390472930173,-0.009811595396995498,0.02103874287074424,0.9598108747044918,0.8754903632952413,0.23104596138000488
320,0.9020691773196667,0.17853112982848324,-0.0008204938068165912,0.016183296256625734,0.9585106382978723,0.8749218261413383,0.31928932666778564
321,0.9021843448884794,0.17418617535379344,-0.0159899023188963,0.01837070757005667,0.958983451536643,0.8748649724259481,0.3337007164955139
322,0.9016852854236247,0.16901407996374265,-0.02293949630606129,0.0213986386897732,0.9593380614657211,0.8739553129797032,0.3232027590274811
323,0.9036815232830435,0.18668631143981426,-0.005789230360788378,0.0191282625213992,0.9598108747044918,0.8766842913184376,0.32291287183761597
324,0.9022227340780836,0.17534413634569318,-0.019186051834152673,0.020740069392949007,0.9594562647754137,0.8746944112797771,0.3521616458892822
325,0.9035279665246266,0.18357284473008395,-0.010745379143665468,0.020107247809727877,0.9599290780141844,0.8764000227414862,0.28429126739501953
326,0.904334139506315,0.18339488453655553,-0.008510477602922228,0.021272188807411704,0.9605200945626478,0.877309682187731,0.2800411283969879
327,0.9031056854389804,0.177604797324569,-0.02001684472641052,0.024183396958794498,0.9605200945626478,0.8754903632952413,0.2507780194282532
328,0.9023762908365004,0.17030082873362581,-0.017793386613935258,0.02099125264343188,0.9595744680851064,0.8748649724259481,0.28935813903808594
329,0.903220853007793,0.17387652421383612,-0.018450239396519352,0.022680302655790824,0.9602836879432625,0.8757746318721928,0.28028205037117004
330,0.9026066259741257,0.16597095460613884,-0.027306308533135537,0.022905738192670687,0.9600472813238771,0.8749786798567286,0.29343006014823914
331,0.9041038043686898,0.16979495163200406,-0.02992914229216448,0.024278377413419025,0.9609929078014184,0.8767411450338279,0.30355846881866455
332,0.9029521286805635,0.16706756600373623,-0.029592705501084837,0.02393221370831159,0.960401891252955,0.8753198021490705,0.3168729543685913
333,0.9049099773503781,0.17352800287413678,-0.013165664222350326,0.020522644255856717,0.9606382978723405,0.8781056342031952,0.2869667410850525
334,0.9040654151790856,0.1721381311417637,-0.013201138849981198,0.020678847051715125,0.9602836879432625,0.8770254136107795,0.2756250500679016
335,0.9050251449191907,0.17064485419441308,-0.02236618054983386,0.02209497129988191,0.9609929078014184,0.8781056342031952,0.28478431701660156
336,0.9052938692464202,0.17340211826459878,-0.026757023976271,0.024533565863795792,0.9615839243498818,0.8782193416339757,0.26722875237464905
337,0.9051787016776076,0.1700313582513894,-0.026333617130354314,0.021731070280959018,0.9609929078014184,0.8783330490647564,0.2878265082836151
338,0.9053706476256286,0.17927472400746922,-0.003158386201971841,0.020046025468493912,0.9607565011820332,0.8787310250724885,0.24554131925106049
339,0.9050635341087949,0.16659184959652007,-0.028821418435820645,0.025079417392180003,0.9615839243498818,0.877878219341634,0.2862497866153717
340,0.9046796422127529,0.16611903635774938,-0.03059743850301644,0.024759001400675593,0.9613475177304964,0.8774233896185115,0.2426186203956604
341,0.9065223233137548,0.170611790331562,-0.034181520236558516,0.027158116137064786,0.9626477541371158,0.8795269770879527,0.3278633654117584
342,0.9059464854696917,0.1703904640593795,-0.027520300641747486,0.024832239341590928,0.9619385342789598,0.87901529364944,0.2573074996471405
343,0.9067142692617759,0.17255989700203503,-0.021559418856938906,0.023012734246976682,0.9619385342789598,0.880152367957246,0.2956027388572693
344,0.9069446043994012,0.17309246712464146,-0.02407125136176791,0.023697051257403873,0.9621749408983451,0.8803797828188072,0.302641361951828
345,0.9077507773810894,0.1729219059784706,-0.023663865315426746,0.023016739446870493,0.9624113475177305,0.8814600034112229,0.3219045400619507
346,0.9081346692771316,0.17242211746622746,-0.02936383693572453,0.02456732397718637,0.9628841607565012,0.8818011257035647,0.2953493595123291
347,0.9076356098122769,0.1680205915286351,-0.030890390266677725,0.025750002288685687,0.9628841607565012,0.8810620274034908,0.30686426162719727
348,0.9083650044147568,0.1768207402353744,-0.02568935211886525,0.025251640987613663,0.9631205673758865,0.8820285405651259,0.26711124181747437
349,0.9084033936043611,0.17234887294565548,-0.030135124000988722,0.028236087079911758,0.9637115839243499,0.8818011257035647,0.28665682673454285
350,0.908595339552382,0.1709529126239038,-0.033643679107961955,0.02716612653685245,0.9635933806146572,0.8821422479959066,0.26663655042648315
351,0.9087105071211947,0.1700117820252745,-0.03906671976417375,0.028738453580877538,0.9639479905437353,0.8821422479959066,0.2972223460674286
352,0.9102844638949672,0.1749654543115882,-0.03293990826947901,0.026853720945135627,0.9643026004728132,0.884302689180738,0.29561594128608704
353,0.9099389611885293,0.1714899786254223,-0.03502032352860407,0.02705741396830632,0.9641843971631205,0.8838478594576156,0.28521236777305603
354,0.9108986909286345,0.18435661956679078,-0.027236503620700625,0.028473538216473006,0.9648936170212766,0.8849280800500313,0.2626832127571106
355,0.9110522476870513,0.18405146430574554,-0.02222084901082999,0.025649300119927096,0.9644208037825059,0.8853829097731537,0.3240881860256195
356,0.9111290260662598,0.1792233943764821,-0.03250505799529446,0.028542770957494523,0.9650118203309692,0.8852123486269827,0.19533196091651917
357,0.9055625935736497,0.17897406462533605,-0.0032453562568088845,0.02266657054186924,0.9613475177304964,0.8787310250724885,0.35626697540283203
358,0.9046412530231487,0.18334571212101053,0.0005675940420935,0.02172706508106525,0.9606382978723405,0.877707658195463,0.29810968041419983
359,0.9037199124726477,0.17752864963555154,-0.012263922074830846,0.02334287715250885,0.9606382978723405,0.8763431690260959,0.2663147747516632
360,0.9042957503167108,0.18820946682908282,-0.005927695842831371,0.025053669678576987,0.9612293144208038,0.8769117061799989,0.29588747024536133
361,0.9042573611271066,0.18635708407374213,-0.01691224263729829,0.026374813472119257,0.9614657210401891,0.8767411450338279,0.2609250545501709
362,0.9032976313870014,0.17705452593880203,-0.0014533153900377904,0.018807846529894798,0.9595744680851064,0.8762294615953152,0.27667897939682007
363,0.9036431340934393,0.18193626416252262,-0.002482079591332398,0.01860415350672421,0.9596926713947991,0.8766842913184376,0.21931937336921692
364,0.9045260854543361,0.17779914832327914,-0.029189896826050665,0.02696815522781574,0.9617021276595744,0.8770254136107795,0.30452948808670044
365,0.9034895773350224,0.17589918586286,-0.020606181282213254,0.02204347587267584,0.9602836879432625,0.8761726078799249,0.27421098947525024
366,0.9029905178701677,0.17726236457424832,-0.0069278514734557595,0.01892056429833472,0.9594562647754137,0.8758314855875832,0.26799583435058594
367,0.9037199124726477,0.1754353643819134,-0.021472448802101862,0.021497624344291526,0.9602836879432625,0.8765137301722667,0.2923884391784668
368,0.9045260854543361,0.17795622183271376,-0.02809819376928213,0.02512290241959845,0.9613475177304964,0.8771959747569503,0.30485913157463074
369,0.9039118584206688,0.1777515686182007,-0.007481713401627732,0.018582410993014935,0.9598108747044918,0.8770254136107795,0.28529930114746094
370,0.9025682367845215,0.17581563912648498,-0.007283742092591083,0.019306207830966843,0.9593380614657211,0.8752629484336801,0.31476494669914246
371,0.9032592421973972,0.1752291184569337,-0.011615079692034458,0.02135915886224858,0.9600472813238771,0.8759451930183637,0.29338690638542175
372,0.9044109178855234,0.18163532252790168,-0.018854192414380355,0.024780743914384888,0.9612293144208038,0.8770822673261698,0.2539583444595337
373,0.9037583016622519,0.17542506216611042,-0.011848525628701978,0.019561396281343568,0.9599290780141844,0.8767411450338279,0.2959596514701843
374,0.902299512457292,0.16812399674361272,-0.015368524163943076,0.0180977818058645,0.958983451536643,0.8750355335721189,0.2642408311367035
375,0.9042957503167108,0.1778219099703272,-0.0085299314309778,0.020748079792736615,0.960401891252955,0.877309682187731,0.3133198618888855
376,0.9046796422127529,0.17713647996471038,-0.02111655818296676,0.023528832861864128,0.9611111111111111,0.8775370970492922,0.24148350954055786
377,0.9032976313870014,0.1667848901372513,-0.023026466360898334,0.021268183607517907,0.9600472813238771,0.876002046733754,0.24160577356815338
378,0.9044493070751276,0.174576752314168,-0.013078694167513505,0.019769094504408023,0.9602836879432625,0.8775939507646825,0.30126452445983887
379,0.9052938692464202,0.17640187754354855,-0.019886389644155122,0.0214581445167669,0.9609929078014184,0.8785036102109273,0.37300825119018555
380,0.9060616530385044,0.17404839581798587,-0.02412274678897397,0.02025372369155838,0.9611111111111111,0.879583830803343,0.24321752786636353
381,0.9048331989711698,0.17396325637114426,-0.01896061629727286,0.02131967903472396,0.9607565011820332,0.8779350730570242,0.24484586715698242
382,0.9047564205919613,0.17377180854087962,-0.014308862706325032,0.019041292466562304,0.9602836879432625,0.8780487804878049,0.28891754150390625
383,0.9044876962647318,0.16734733870177568,-0.026456061812822118,0.02090828778848882,0.9605200945626478,0.8775370970492922,0.29973888397216797
384,0.9059848746592959,0.1723607678719251,-0.02812565799712541,0.022896011278642894,0.9615839243498818,0.8792427085110012,0.29882746934890747
385,0.9056009827632538,0.16997450453599908,-0.02542386458304724,0.0207303424789212,0.9609929078014184,0.8789584399340497,0.29018670320510864
386,0.9056777611424622,0.17062977384721026,-0.027433330586910554,0.021778560508271316,0.9612293144208038,0.8789584399340497,0.23625800013542175
387,0.9060232638489002,0.1719390020116538,-0.01954995285307548,0.020344698946289097,0.9611111111111111,0.8795269770879527,0.28271597623825073
388,0.9072517179162348,0.17788297731214184,-0.02550740160940379,0.025429586297181284,0.9626477541371158,0.8806071976803684,0.2794448137283325
389,0.9077507773810894,0.17908430438269568,-0.027932264059395973,0.026092160793899276,0.9630023640661939,0.8811757348342715,0.29716354608535767
390,0.9064455449345464,0.17556255944943022,-0.019340538115770856,0.0205741396830628,0.9613475177304964,0.8800386605264654,0.2785826325416565
391,0.9079427233291105,0.18156498117577513,-0.01959801525180116,0.02440711598143417,0.9627659574468085,0.8815737108420035,0.27329447865486145
392,0.9078659449499021,0.17662479652619767,-0.02053523202695151,0.022128729413272513,0.9622931442080378,0.8816874182727841,0.2696496844291687
393,0.9067910476409843,0.17241921429778204,-0.023612369888220686,0.02283078373751527,0.9619385342789598,0.8802660753880266,0.2713061571121216
394,0.9075972206226727,0.17327941907599403,-0.02585528182875141,0.022765556196387544,0.9622931442080378,0.881289442265052,0.2999361455440521
395,0.9085569503627778,0.17799668474292243,-0.02592279805553277,0.026026933252771653,0.9633569739952719,0.8821991017112968,0.24789339303970337
396,0.9091711773964452,0.18076743644984433,-0.02662313586553522,0.025801497715891762,0.9635933806146572,0.882995053726761,0.24464422464370728
397,0.9085185611731736,0.17634052794924615,-0.023134034586617558,0.024272655699284995,0.9630023640661939,0.8823128091420774,0.25535064935684204
398,0.9092479557756535,0.1817130629273857,-0.022248313238673267,0.025619547206430282,0.9635933806146572,0.8831087611575417,0.3429213762283325
399,0.9089792314484241,0.17534254363522658,-0.029059441743795378,0.026256373989545292,0.9635933806146572,0.8827107851498095,0.32310813665390015
400,0.9095934584820914,0.18247754379046544,-0.02193590764695652,0.02418568564444811,0.9634751773049646,0.8836772983114447,0.23913085460662842
401,0.9099005719989252,0.18024676125350753,-0.02762786886746671,0.02530313641481966,0.9638297872340426,0.8839615668883961,0.3322952687740326
402,0.9105147990325925,0.183874814570196,-0.028466672159512263,0.026922953686157124,0.9644208037825059,0.8845869577576895,0.2702498137950897
403,0.9099773503781335,0.18100833894814172,-0.022707194712220713,0.023275933097141002,0.9634751773049646,0.8842458354653476,0.2619677782058716
404,0.9109754693078429,0.18274673202021413,-0.029740325725742256,0.027061419168200103,0.9646572104018912,0.8851554949115925,0.27827876806259155
405,0.9102076855157588,0.17751038386741552,-0.025748857945858905,0.02273008156875672,0.9634751773049646,0.8845869577576895,0.2735675871372223
406,0.9110906368766555,0.18172046197474323,-0.023399522122435568,0.023097987787573375,0.9639479905437353,0.8856671783501052,0.2936214804649353
407,0.9107451341702176,0.17996698855546805,-0.026354215301236827,0.023916765080149782,0.9639479905437353,0.8851554949115925,0.19740594923496246
408,0.9076356098122769,0.1769780959972968,-0.013597081468054495,0.02513491801927987,0.9627659574468085,0.8811188811188811,0.3222087025642395
409,0.9060616530385044,0.18070636910802973,-0.014930240861278254,0.0264045663856161,0.9622931442080378,0.87901529364944,0.2996405065059662
410,0.9054858151944413,0.18009156270702717,-0.007948605274962661,0.023463605320736394,0.9614657210401891,0.8785604639263176,0.2862696349620819
411,0.9053322584360244,0.18285332265612494,-0.008692428112383688,0.022597337800847772,0.9612293144208038,0.8784467564955369,0.2919534146785736
412,0.9045644746439403,0.17911315461912244,-0.003427306766270233,0.02072633727902739,0.9605200945626478,0.8776508044800728,0.2962345480918884
413,0.9036815232830435,0.17676576148293843,-0.004416018968626756,0.020973515329616534,0.9601654846335698,0.8765137301722667,0.3062485158443451
414,0.9050635341087949,0.18083806005445863,-0.00836400172109164,0.021388911775745444,0.9608747044917257,0.8782193416339757,0.27490338683128357
415,0.9044876962647318,0.1793913346066953,-0.009083793359149772,0.02213845632730039,0.9607565011820332,0.8774233896185115,0.2390647977590561
416,0.9050635341087949,0.17884368413688598,-0.011275209872474434,0.02077382750633966,0.9607565011820332,0.8782761953493661,0.2743011713027954
417,0.9052938692464202,0.18142298801354326,-0.01297227028462089,0.023918481594389945,0.9614657210401891,0.8782761953493661,0.2719986140727997
418,0.9052170908672118,0.17754054456182117,-0.01450683401536168,0.022255179295634114,0.9611111111111111,0.8783330490647564,0.2871094346046448
419,0.9043725286959192,0.17671920998335114,-0.011172219018062313,0.019951045013869434,0.9602836879432625,0.8774802433339018,0.25251027941703796
420,0.9051403124880034,0.1796126608788778,-0.013102725366876289,0.021822045535689748,0.9609929078014184,0.8782761953493661,0.29451417922973633
421,0.9058313179008791,0.18443913809767468,-0.014582360641930525,0.026335333644594575,0.9621749408983451,0.8787310250724885,0.3036805987358093
422,0.9044876962647318,0.17467697210821237,-0.01567749672717944,0.021523372057894556,0.9606382978723405,0.8774802433339018,0.2572680413722992
423,0.9058313179008791,0.18100993165860838,-0.021409509946627825,0.026335333644594575,0.9621749408983451,0.8787310250724885,0.2981536090373993
424,0.9053706476256286,0.17488930662257074,-0.023525399833383642,0.02435161535433429,0.9615839243498818,0.8783330490647564,0.32816067337989807
425,0.9054474260048371,0.17688368254014333,-0.019202072633727862,0.023554580575467096,0.9614657210401891,0.8785036102109273,0.27394869923591614
426,0.9056777611424622,0.17835288738246705,-0.01697518149277233,0.023008729047082843,0.9614657210401891,0.8788447325032691,0.2555949091911316
427,0.9057545395216707,0.17893940805201833,-0.014514844415149275,0.02282677853762142,0.9614657210401891,0.8789584399340497,0.2929970324039459
428,0.905639371952858,0.18351439830422706,-0.023106570358774392,0.0280203784570597,0.9624113475177305,0.8783330490647564,0.3512422442436218
429,0.905255480056816,0.17456167196696518,-0.020242280263290446,0.02154911977149765,0.9609929078014184,0.8784467564955369,0.24938181042671204
430,0.906368766555338,0.17941802762767992,-0.022683163512857818,0.02506168007836458,0.9621749408983451,0.8795269770879527,0.25049132108688354
431,0.9063303773657339,0.17805962704769138,-0.016567795446431055,0.021462149716660738,0.9614657210401891,0.8798112456649042,0.30016639828681946
432,0.9066374908825675,0.1773144401582388,-0.02664258969359079,0.025655021834061147,0.9624113475177305,0.8798112456649042,0.32518285512924194
433,0.9065991016929633,0.17930272748643272,-0.029751769154010232,0.02759124989700914,0.9627659574468085,0.879583830803343,0.2521410584449768
434,0.9069446043994012,0.1795780043055601,-0.0291624325982075,0.026772472604432725,0.9627659574468085,0.8800955142418557,0.2343699187040329
435,0.9069446043994012,0.17732343191606295,-0.025230470645317804,0.024927219796215427,0.9624113475177305,0.8802660753880266,0.2525373697280884
436,0.9064455449345464,0.17563290080155672,-0.018838171614805055,0.021189223952468583,0.9614657210401891,0.8799818068110751,0.31698811054229736
437,0.9074052746746516,0.17780205149172457,-0.033762690761949155,0.027526022355881426,0.9631205673758865,0.8806071976803684,0.24001219868659973
438,0.9075204422434643,0.17980092328820924,-0.029621314071754834,0.027253096591689306,0.9631205673758865,0.8807777588265393,0.30319660902023315
439,0.9074436638642558,0.17705714685475973,-0.024364203125429196,0.02497471002352772,0.9626477541371158,0.88089146625732,0.34275704622268677
440,0.9079427233291105,0.17883441012657414,-0.03139733413895063,0.02748253732846298,0.9633569739952719,0.881289442265052,0.2938445210456848
441,0.9079043341395063,0.17736070940533838,-0.03412659178087207,0.02818859685259948,0.9634751773049646,0.8811757348342715,0.25347501039505005
442,0.9080578908979231,0.178611491143925,-0.03053106661906202,0.02659452729486511,0.9632387706855792,0.8815168571266132,0.33525335788726807
443,0.9078659449499021,0.17774969365524634,-0.034265057262915066,0.028279572107330203,0.9634751773049646,0.8811188811188811,0.3142162263393402
444,0.9084033936043611,0.17843193823992992,-0.033129869178728066,0.028236087079911758,0.9637115839243499,0.8818011257035647,0.3024953007698059
445,0.9085185611731736,0.17887328032631616,-0.03254053262292533,0.027348077046313847,0.9635933806146572,0.8820285405651259,0.25393861532211304
446,0.9086337287419862,0.17841395472428162,-0.03395265167119832,0.02769023555152749,0.9637115839243499,0.8821422479959066,0.31283536553382874
447,0.908595339552382,0.17881193073201374,-0.03340680014281405,0.027781210806258207,0.9637115839243499,0.8820853942805162,0.25574421882629395
448,0.908595339552382,0.1785935076282767,-0.0330863841513096,0.027781210806258186,0.9637115839243499,0.8820853942805162,0.2367599904537201
449,0.909516680102883,0.1820914627090029,-0.0285456318145616,0.026827973231532624,0.9639479905437353,0.8833361760191029,0.287477046251297
450,0.9090943990172368,0.18033798928972772,-0.030452106964012682,0.0265985324947589,0.9637115839243499,0.8828244925805901,0.33817434310913086
451,0.9092479557756535,0.18028563145324955,-0.029221938425201266,0.025619547206430344,0.9635933806146572,0.8831087611575417,0.2666007876396179
452,0.909132788206841,0.17932811004943855,-0.03158729504819979,0.027122641509433998,0.9638297872340426,0.8828244925805901,0.2758857309818268
453,0.9092479557756535,0.1804083306418543,-0.029585839444124074,0.02684971574524185,0.9638297872340426,0.882995053726761,0.2969341278076172
454,0.9095934584820914,0.18100674623767515,-0.03104945391960301,0.027261106991476915,0.9640661938534278,0.8833930297344932,0.32397976517677307
455,0.9097470152405083,0.18039484300511804,-0.031274889456482935,0.02751229024195985,0.9641843971631205,0.883563590880664,0.27177193760871887
456,0.9098621828093209,0.1810112421165872,-0.030685552900680202,0.02723936447776771,0.9641843971631205,0.8837341520268349,0.25854435563087463
457,0.9099389611885293,0.1812386569781484,-0.030139701372295935,0.02705741396830629,0.9641843971631205,0.8838478594576156,0.2536078095436096
458,0.9101309071365503,0.18118180326275812,-0.029775800353373127,0.02660253769465274,0.9641843971631205,0.8841321280345671,0.19758284091949463
459,0.9086337287419862,0.17324794792360956,-0.03132981791216949,0.02584498274331022,0.9633569739952719,0.8823128091420774,0.24036148190498352
460,0.9081346692771316,0.1733497604281206,-0.02530943030036714,0.02333715543837487,0.9626477541371158,0.8819148331343454,0.28555503487586975
461,0.9077507773810894,0.17473223311313604,-0.023897311252094156,0.025477076524493512,0.9628841607565012,0.8812325885496617,0.24648307263851166
462,0.9076356098122769,0.17671312139397247,-0.019210083033515457,0.023289665211062564,0.9624113475177305,0.881289442265052,0.31285256147384644
463,0.9072133287266306,0.17725178010595757,-0.01610891397288372,0.023060224474288932,0.9621749408983451,0.8807777588265393,0.3290913999080658
464,0.9068678260201927,0.1774746990886067,-0.01629086448234507,0.023263917497459555,0.9620567375886525,0.8803229291034169,0.2675597667694092
465,0.907290107105839,0.17869400967480883,-0.0175290434209443,0.024108442503639055,0.9624113475177305,0.8807777588265393,0.2645667791366577
466,0.9065223233137548,0.17708571483869873,-0.01706215154760926,0.024082694790035983,0.9620567375886525,0.8798112456649042,0.30556902289390564
467,0.9069446043994012,0.179057611361711,-0.015476092389662521,0.02431213552680969,0.9622931442080378,0.8803229291034169,0.32122471928596497
468,0.9068678260201927,0.17945109149053104,-0.015978458890628322,0.025109170305676873,0.9624113475177305,0.880152367957246,0.3527880311012268
469,0.9068294368305885,0.1799104170925655,-0.014384389332893988,0.024585061291001853,0.9622931442080378,0.880152367957246,0.26082637906074524
470,0.9071365503474221,0.18017220627495664,-0.017987924894491525,0.02693268060018489,0.9628841607565012,0.8803229291034169,0.30483654141426086
471,0.9069446043994012,0.18017670215386872,-0.01625538985471431,0.025542304065621226,0.9625295508274232,0.8802092216726363,0.25355660915374756
472,0.9063303773657339,0.1790845866351834,-0.013648576895260556,0.024537571063689527,0.9620567375886525,0.8795269770879527,0.23642143607139587
473,0.9067142692617759,0.18043849133625986,-0.017442073366107258,0.025473071324599687,0.9624113475177305,0.8799249530956847,0.24203793704509735
474,0.906906215209797,0.1803816376208696,-0.01707817234718445,0.025018195050946136,0.9624113475177305,0.8802092216726363,0.3089507520198822
475,0.9070981611578179,0.17980860458805453,-0.018490291395457437,0.02517840304669835,0.9625295508274232,0.8804366365341975,0.2655186355113983
476,0.9070981611578179,0.17986096242453273,-0.01812639037653463,0.024563318777292606,0.9624113475177305,0.8804934902495878,0.3094331622123718
477,0.9070597719682137,0.17935827074384417,-0.01958199445222608,0.025884462570834876,0.9626477541371158,0.8803229291034169,0.2696532607078552
478,0.9070981611578179,0.17974725499375213,-0.01830834088599609,0.02456331877729262,0.9624113475177305,0.8804934902495878,0.3299163281917572
479,0.9069829935890054,0.17969939303618596,-0.019218093433303163,0.026066413080296266,0.9626477541371158,0.8802092216726363,0.23420190811157227
480,0.906906215209797,0.18048635329382604,-0.017580538848150362,0.025018195050946185,0.9624113475177305,0.8802092216726363,0.2920060455799103
481,0.906906215209797,0.18105489044772907,-0.016670786300843177,0.025018195050946157,0.9624113475177305,0.8802092216726363,0.2756207287311554
482,0.9070981611578179,0.18008837728609392,-0.01776248935761171,0.024563318777292578,0.9624113475177305,0.8804934902495878,0.2734653651714325
483,0.9066758800721717,0.18143937881872496,-0.015761033753536102,0.02371879377111316,0.9620567375886525,0.8800386605264654,0.24243927001953125
484,0.9066374908825675,0.18142589118198874,-0.018723737332124957,0.025655021834061154,0.9624113475177305,0.8798112456649042,0.2488243579864502
485,0.9067526584513801,0.1813690374665984,-0.018541786822663497,0.025382096069869006,0.9624113475177305,0.8799818068110751,0.25577643513679504
486,0.9069446043994012,0.18141689942416458,-0.019910420843517906,0.026157388335026927,0.9626477541371158,0.880152367957246,0.2837177515029907
487,0.9069829935890054,0.1814737531395549,-0.019728470334056558,0.026066413080296252,0.9626477541371158,0.8802092216726363,0.25180602073669434
488,0.9069829935890054,0.1820422902934579,-0.018818717786749373,0.026066413080296225,0.9626477541371158,0.8802092216726363,0.2535204291343689
489,0.9069829935890054,0.18198094069915555,-0.01986693581609955,0.026681497349702016,0.9627659574468085,0.880152367957246,0.282257616519928
490,0.9070597719682137,0.1815261109760331,-0.020412787344483818,0.026499546840240584,0.9627659574468085,0.8802660753880266,0.3190229833126068
491,0.9070981611578179,0.18186273738946288,-0.02073320333598827,0.027023655854915674,0.9628841607565012,0.8802660753880266,0.32902801036834717
492,0.9071365503474221,0.18186723326837495,-0.019684985306638203,0.026317596330779208,0.9627659574468085,0.8803797828188072,0.2544797360897064
493,0.9071365503474221,0.18220835556071674,-0.019139133778253825,0.026317596330779153,0.9627659574468085,0.8803797828188072,0.29716208577156067
494,0.9073284962954432,0.18196745306241932,-0.02191988684738133,0.027707972865342906,0.9631205673758865,0.8804934902495878,0.2335437834262848
495,0.9073668854850474,0.1817879001584243,-0.024016322906081466,0.02884716614942369,0.9633569739952719,0.8804366365341975,0.2611564099788666
496,0.9074436638642558,0.1817265505641219,-0.024882590425970186,0.02928029990936805,0.9634751773049646,0.8804934902495878,0.2477196455001831
497,0.90748205305386,0.18160834725442926,-0.025930808455320253,0.029804408924043083,0.9635933806146572,0.8804934902495878,0.2931761145591736
498,0.9073668854850474,0.18177890840060018,-0.025930808455320253,0.03007733468823523,0.9635933806146572,0.8803229291034169,0.27898362278938293
499,0.9073668854850474,0.18189261583138078,-0.025748857945858905,0.03007733468823527,0.9635933806146572,0.8803229291034169,0.31841927766799927
500,0.9073284962954432,0.1820631769775517,-0.025566907436397446,0.03016830994296596,0.9635933806146572,0.8802660753880266,0.3040182590484619
501,0.9073284962954432,0.1821768844083323,-0.025384956926935986,0.030168309942965946,0.9635933806146572,0.8802660753880266,0.3091191053390503
502,0.9073284962954432,0.1821768844083323,-0.025384956926935986,0.030168309942965946,0.9635933806146572,0.8802660753880266,0.2659072279930115
503,0.9073284962954432,0.1821768844083323,-0.025384956926935986,0.030168309942965946,0.9635933806146572,0.8802660753880266,0.2606981694698334
504,0.9072517179162348,0.18205418521972755,-0.025203006417474638,0.029120091913615885,0.9633569739952719,0.8802660753880266,0.22451239824295044
505,0.9073284962954432,0.18199283562542512,-0.026069273937363246,0.02955322567356019,0.9634751773049646,0.8803229291034169,0.29453375935554504
506,0.9073284962954432,0.18199283562542512,-0.026069273937363246,0.02955322567356019,0.9634751773049646,0.8803229291034169,0.25191599130630493
507,0.9073284962954432,0.18199283562542512,-0.026069273937363246,0.02955322567356019,0.9634751773049646,0.8803229291034169,0.3104409873485565
508,0.9073284962954432,0.18199283562542512,-0.026069273937363246,0.02955322567356019,0.9634751773049646,0.8803229291034169,0.2766525149345398
509,0.9073284962954432,0.18199283562542512,-0.026069273937363246,0.02955322567356019,0.9634751773049646,0.8803229291034169,0.20523856580257416
